Mode,TestName,NoEvents,NoGoroutines,NoAtomicEvents,NoChannelEvents,NoSelectEvents,NoMutexEvents,NoWaitgroupEvents,NoCondVariablesEvents,NoOnceOperations
Flow,TestContextStream,5,1,1,0,2,0,0,0,0
GFuzz,TestContextStream,5,1,1,0,2,0,0,0,0
GFuzz,TestContextStream,5,1,1,0,2,0,0,0,0
GFuzzHB,TestContextStream,5,1,1,0,2,0,0,0,0
GFuzzHB,TestContextStream,5,1,1,0,2,0,0,0,0
GFuzzHBFlow,TestContextStream,5,1,1,0,2,0,0,0,0
GoPie+,TestContextStream,5,1,1,0,2,0,0,0,0
GoPie,TestContextStream,5,1,1,0,2,0,0,0,0
GoPieHB,TestContextStream,5,1,1,0,2,0,0,0,0
