TestName,NumberActualBugTotal,NoLeaksTotal,NoLeaksWithRewriteTotal,NoLeaksResolvedViaReplayTotal,NoPanicsTotal,NoPanicsVerifiedViaReplayTotal,NoUnexpectedPanicsInReplayTotal,NoProbInRecordingTotal,NumberActualBugUnique,NoLeaksUnique,NoLeaksWithRewriteUnique,NoLeaksResolvedViaReplayUnique,NoPanicsUnique,NoPanicsVerifiedViaReplayUnique,NoUnexpectedPanicsInReplayUnique
TestL01_UnbufferedLeakWithPartner,0,0,0,0,0,0,0,0,0,0,0,0,0,0,0
TestL01_UnbufferedLeakWithPartner,0,0,0,0,0,0,0,0,0,0,0,0,0,0,0
TestL01_UnbufferedLeakWithPartner,0,0,0,0,0,0,0,0,0,0,0,0,0,0,0
TestL01_UnbufferedLeakWithPartner,0,0,0,0,0,0,0,0,0,0,0,0,0,0,0
TestL01_UnbufferedLeakWithPartner,0,0,0,0,0,0,0,0,0,0,0,0,0,0,0
TestL01_UnbufferedLeakWithPartner,0,0,0,0,0,0,0,0,0,0,0,0,0,0,0
TestL01_UnbufferedLeakWithPartner,0,0,0,0,0,0,0,0,0,0,0,0,0,0,0
TestL01_UnbufferedLeakWithPartner,0,0,0,0,0,0,0,0,0,0,0,0,0,0,0
TestL01_UnbufferedLeakWithPartner,0,0,0,0,0,0,0,0,0,0,0,0,0,0,0
TestL01_UnbufferedLeakWithPartner,0,0,0,0,0,0,0,0,0,0,0,0,0,0,0
TestL01_UnbufferedLeakWithPartner,0,0,0,0,0,0,0,0,0,0,0,0,0,0,0
TestL01_UnbufferedLeakWithPartner,0,0,0,0,0,0,0,0,0,0,0,0,0,0,0
TestL01_UnbufferedLeakWithPartner,0,0,0,0,0,0,0,0,0,0,0,0,0,0,0
TestL01_UnbufferedLeakWithPartner,0,0,0,0,0,0,0,0,0,0,0,0,0,0,0
TestL01_UnbufferedLeakWithPartner,0,0,0,0,0,0,0,0,0,0,0,0,0,0,0
TestL01_UnbufferedLeakWithPartner,0,0,0,0,0,0,0,0,0,0,0,0,0,0,0
TestL01_UnbufferedLeakWithPartner,0,0,0,0,0,0,0,0,0,0,0,0,0,0,0
TestL01_UnbufferedLeakWithPartner,0,0,0,0,0,0,0,0,0,0,0,0,0,0,0
TestL01_UnbufferedLeakWithPartner,0,0,0,0,0,0,0,0,0,0,0,0,0,0,0
TestL01_UnbufferedLeakWithPartner,0,0,0,0,0,0,0,0,0,0,0,0,0,0,0
TestL01_UnbufferedLeakWithPartner,0,0,0,0,0,0,0,0,0,0,0,0,0,0,0
TestL01_UnbufferedLeakWithPartner,0,0,0,0,0,0,0,0,0,0,0,0,0,0,0
TestL01_UnbufferedLeakWithPartner,0,0,0,0,0,0,0,0,0,0,0,0,0,0,0
TestL01_UnbufferedLeakWithPartner,0,0,0,0,0,0,0,0,0,0,0,0,0,0,0
TestL01_UnbufferedLeakWithPartner,0,0,0,0,0,0,0,0,0,0,0,0,0,0,0
TestL01_UnbufferedLeakWithPartner,0,0,0,0,0,0,0,0,0,0,0,0,0,0,0
TestL01_UnbufferedLeakWithPartner,0,0,0,0,0,0,0,0,0,0,0,0,0,0,0
TestL01_UnbufferedLeakWithPartner,0,0,0,0,0,0,0,0,0,0,0,0,0,0,0
TestL01_UnbufferedLeakWithPartner,0,0,0,0,0,0,0,0,0,0,0,0,0,0,0
TestL01_UnbufferedLeakWithPartner,0,0,0,0,0,0,0,0,0,0,0,0,0,0,0
TestL01_UnbufferedLeakWithPartner,0,0,0,0,0,0,0,0,0,0,0,0,0,0,0
TestL01_UnbufferedLeakWithPartner,0,0,0,0,0,0,0,0,0,0,0,0,0,0,0
TestL01_UnbufferedLeakWithPartner,0,0,0,0,0,0,0,0,0,0,0,0,0,0,0
TestL01_UnbufferedLeakWithPartner,0,0,0,0,0,0,0,0,0,0,0,0,0,0,0
TestL01_UnbufferedLeakWithPartner,0,0,0,0,0,0,0,0,0,0,0,0,0,0,0
TestL01_UnbufferedLeakWithPartner,0,0,0,0,0,0,0,0,0,0,0,0,0,0,0
TestL01_UnbufferedLeakWithPartner,0,0,0,0,0,0,0,0,0,0,0,0,0,0,0
TestL01_UnbufferedLeakWithPartner,0,0,0,0,0,0,0,0,0,0,0,0,0,0,0
TestL01_UnbufferedLeakWithPartner,0,0,0,0,0,0,0,0,0,0,0,0,0,0,0
TestL01_UnbufferedLeakWithPartner,0,0,0,0,0,0,0,0,0,0,0,0,0,0,0
TestL01_UnbufferedLeakWithPartner,0,0,0,0,0,0,0,0,0,0,0,0,0,0,0
TestL01_UnbufferedLeakWithPartner,0,0,0,0,0,0,0,0,0,0,0,0,0,0,0
TestL01_UnbufferedLeakWithPartner,0,0,0,0,0,0,0,0,0,0,0,0,0,0,0
TestL01_UnbufferedLeakWithPartner,0,0,0,0,0,0,0,0,0,0,0,0,0,0,0
TestL01_UnbufferedLeakWithPartner,0,0,0,0,0,0,0,0,0,0,0,0,0,0,0
TestL01_UnbufferedLeakWithPartner,0,0,0,0,0,0,0,0,0,0,0,0,0,0,0
TestL01_UnbufferedLeakWithPartner,0,0,0,0,0,0,0,0,0,0,0,0,0,0,0
TestL01_UnbufferedLeakWithPartner,0,0,0,0,0,0,0,0,0,0,0,0,0,0,0
TestL01_UnbufferedLeakWithPartner,0,0,0,0,0,0,0,0,0,0,0,0,0,0,0
TestL01_UnbufferedLeakWithPartner,0,0,0,0,0,0,0,0,0,0,0,0,0,0,0
TestL01_UnbufferedLeakWithPartner,0,0,0,0,0,0,0,0,0,0,0,0,0,0,0
TestL01_UnbufferedLeakWithPartner,0,0,0,0,0,0,0,0,0,0,0,0,0,0,0
TestL01_UnbufferedLeakWithPartner,0,0,0,0,0,0,0,0,0,0,0,0,0,0,0
TestL01_UnbufferedLeakWithPartner,0,0,0,0,0,0,0,0,0,0,0,0,0,0,0
TestL01_UnbufferedLeakWithPartner,0,0,0,0,0,0,0,0,0,0,0,0,0,0,0
TestL01_UnbufferedLeakWithPartner,0,0,0,0,0,0,0,0,0,0,0,0,0,0,0
TestL01_UnbufferedLeakWithPartner,0,0,0,0,0,0,0,0,0,0,0,0,0,0,0
TestL01_UnbufferedLeakWithPartner,0,0,0,0,0,0,0,0,0,0,0,0,0,0,0
TestL01_UnbufferedLeakWithPartner,0,0,0,0,0,0,0,0,0,0,0,0,0,0,0
TestL01_UnbufferedLeakWithPartner,0,0,0,0,0,0,0,0,0,0,0,0,0,0,0
TestL01_UnbufferedLeakWithPartner,0,0,0,0,0,0,0,0,0,0,0,0,0,0,0
TestL01_UnbufferedLeakWithPartner,0,0,0,0,0,0,0,0,0,0,0,0,0,0,0
TestL01_UnbufferedLeakWithPartner,0,0,0,0,0,0,0,0,0,0,0,0,0,0,0
TestL01_UnbufferedLeakWithPartner,0,0,0,0,0,0,0,0,0,0,0,0,0,0,0
TestL01_UnbufferedLeakWithPartner,0,0,0,0,0,0,0,0,0,0,0,0,0,0,0
TestL01_UnbufferedLeakWithPartner,0,0,0,0,0,0,0,0,0,0,0,0,0,0,0
TestL01_UnbufferedLeakWithPartner,0,0,0,0,0,0,0,0,0,0,0,0,0,0,0
TestL01_UnbufferedLeakWithPartner,0,0,0,0,0,0,0,0,0,0,0,0,0,0,0
TestL01_UnbufferedLeakWithPartner,0,0,0,0,0,0,0,0,0,0,0,0,0,0,0
TestL01_UnbufferedLeakWithPartner,0,0,0,0,0,0,0,0,0,0,0,0,0,0,0
TestL01_UnbufferedLeakWithPartner,0,0,0,0,0,0,0,0,0,0,0,0,0,0,0
TestL01_UnbufferedLeakWithPartner,0,0,0,0,0,0,0,0,0,0,0,0,0,0,0
TestL01_UnbufferedLeakWithPartner,0,0,0,0,0,0,0,0,0,0,0,0,0,0,0
TestL01_UnbufferedLeakWithPartner,0,0,0,0,0,0,0,0,0,0,0,0,0,0,0
TestL01_UnbufferedLeakWithPartner,0,0,0,0,0,0,0,0,0,0,0,0,0,0,0
TestL01_UnbufferedLeakWithPartner,0,0,0,0,0,0,0,0,0,0,0,0,0,0,0
TestL01_UnbufferedLeakWithPartner,0,0,0,0,0,0,0,0,0,0,0,0,0,0,0
TestL01_UnbufferedLeakWithPartner,0,0,0,0,0,0,0,0,0,0,0,0,0,0,0
TestL01_UnbufferedLeakWithPartner,0,0,0,0,0,0,0,0,0,0,0,0,0,0,0
TestL01_UnbufferedLeakWithPartner,0,0,0,0,0,0,0,0,0,0,0,0,0,0,0
TestL01_UnbufferedLeakWithPartner,0,0,0,0,0,0,0,0,0,0,0,0,0,0,0
TestL01_UnbufferedLeakWithPartner,0,0,0,0,0,0,0,0,0,0,0,0,0,0,0
TestL01_UnbufferedLeakWithPartner,0,0,0,0,0,0,0,0,0,0,0,0,0,0,0
TestL01_UnbufferedLeakWithPartner,0,0,0,0,0,0,0,0,0,0,0,0,0,0,0
TestL01_UnbufferedLeakWithPartner,0,0,0,0,0,0,0,0,0,0,0,0,0,0,0
TestL01_UnbufferedLeakWithPartner,0,0,0,0,0,0,0,0,0,0,0,0,0,0,0
TestL01_UnbufferedLeakWithPartner,0,0,0,0,0,0,0,0,0,0,0,0,0,0,0
TestL01_UnbufferedLeakWithPartner,0,0,0,0,0,0,0,0,0,0,0,0,0,0,0
TestL01_UnbufferedLeakWithPartner,0,0,0,0,0,0,0,0,0,0,0,0,0,0,0
TestL01_UnbufferedLeakWithPartner,0,0,0,0,0,0,0,0,0,0,0,0,0,0,0
TestL01_UnbufferedLeakWithPartner,0,0,0,0,0,0,0,0,0,0,0,0,0,0,0
TestL01_UnbufferedLeakWithPartner,0,0,0,0,0,0,0,0,0,0,0,0,0,0,0
TestL01_UnbufferedLeakWithPartner,0,0,0,0,0,0,0,0,0,0,0,0,0,0,0
TestL01_UnbufferedLeakWithPartner,0,0,0,0,0,0,0,0,0,0,0,0,0,0,0
TestL01_UnbufferedLeakWithPartner,0,0,0,0,0,0,0,0,0,0,0,0,0,0,0
TestL01_UnbufferedLeakWithPartner,0,0,0,0,0,0,0,0,0,0,0,0,0,0,0
TestL01_UnbufferedLeakWithPartner,0,0,0,0,0,0,0,0,0,0,0,0,0,0,0
TestL01_UnbufferedLeakWithPartner,0,0,0,0,0,0,0,0,0,0,0,0,0,0,0
TestL01_UnbufferedLeakWithPartner,0,0,0,0,0,0,0,0,0,0,0,0,0,0,0
TestL01_UnbufferedLeakWithPartner,0,0,0,0,0,0,0,0,0,0,0,0,0,0,0
