Mode,TestName,NumberActualBugTotal,NoLeaksTotal,NoLeaksWithRewriteTotal,NoLeaksResolvedViaReplayTotal,NoPanicsTotal,NoPanicsVerifiedViaReplayTotal,NoUnexpectedPanicsInReplayTotal,NoProbInRecordingTotal,NumberActualBugUnique,NoLeaksUnique,NoLeaksWithRewriteUnique,NoLeaksResolvedViaReplayUnique,NoPanicsUnique,NoPanicsVerifiedViaReplayUnique,NoUnexpectedPanicsInReplayUnique
Flow,TestPusher,0,1,0,0,0,0,0,0,0,1,0,0,0,0,0
GFuzz,TestPusher,0,1,0,0,0,0,0,0,0,1,0,0,0,0,0
GFuzzHB,TestPusher,0,1,0,0,0,0,0,0,0,1,0,0,0,0,0
GFuzzHBFlow,TestPusher,0,1,0,0,0,0,0,0,0,1,0,0,0,0,0
GoPie+,TestPusher,0,1,0,0,0,0,0,0,0,1,0,0,0,0,0
GoPie+,TestPusher,0,1,0,0,0,0,0,0,0,1,0,0,0,0,0
GoPie,TestPusher,0,1,0,0,0,0,0,0,0,1,0,0,0,0,0
GoPieHB,TestPusher,0,1,0,0,0,0,0,0,0,1,0,0,0,0,0
GoPieHB,TestPusher,0,1,0,0,0,0,0,0,0,1,0,0,0,0,0
