TestName,NoDeadlocksInfeasible,NoDeadlocksInfeasibleUnique,NoGuardLock,NoGuardLockUnique,ReplayDeadlockStuck,ReplayDeadlockNoStuckMutexes,NoIgnoreConcurrent,NoIgnoreConcurrentUnique,ReplayDeadlockReachedEnd,NoUnlockInOtherThread,NoUnlockInOtherThreadUnique
TestBufferedDrainSlow,0,0,0,0,0,0,0,0,0,0,0
TestBufferedDrainSlow,0,0,0,0,0,0,0,0,0,0,0
TestBufferedDrainSlow,0,0,0,0,0,0,0,0,0,0,0
TestBufferedDrainSlow,0,0,0,0,0,0,0,0,0,0,0
TestBufferedDrainSlow,0,0,0,0,0,0,0,0,0,0,0
TestBufferedDrainSlow,0,0,0,0,0,0,0,0,0,0,0
TestBufferedDrainSlow,0,0,0,0,0,0,0,0,0,0,0
TestBufferedDrainSlow,0,0,0,0,0,0,0,0,0,0,0
TestBufferedDrainSlow,0,0,0,0,0,0,0,0,0,0,0
TestBufferedDrainSlow,0,0,0,0,0,0,0,0,0,0,0
TestBufferedDrainSlow,0,0,0,0,0,0,0,0,0,0,0
TestBufferedDrainSlow,0,0,0,0,0,0,0,0,0,0,0
