Mode,TestName,NoDeadlocksInfeasible,NoDeadlocksInfeasibleUnique,NoGuardLock,NoGuardLockUnique,ReplayDeadlockStuck,ReplayDeadlockNoStuckMutexes,NoIgnoreConcurrent,NoIgnoreConcurrentUnique,ReplayDeadlockReachedEnd,NoUnlockInOtherThread,NoUnlockInOtherThreadUnique
Flow,TestContextSetGetAnyKey,0,0,0,0,0,0,0,0,0,0,0
GFuzz,TestContextSetGetAnyKey,0,0,0,0,0,0,0,0,0,0,0
GFuzzHB,TestContextSetGetAnyKey,0,0,0,0,0,0,0,0,0,0,0
GFuzzHBFlow,TestContextSetGetAnyKey,0,0,0,0,0,0,0,0,0,0,0
GoPie+,TestContextSetGetAnyKey,0,0,0,0,0,0,0,0,0,0,0
GoPie,TestContextSetGetAnyKey,0,0,0,0,0,0,0,0,0,0,0
GoPie,TestContextSetGetAnyKey,0,0,0,0,0,0,0,0,0,0,0
GoPie,TestContextSetGetAnyKey,0,0,0,0,0,0,0,0,0,0,0
GoPie,TestContextSetGetAnyKey,0,0,0,0,0,0,0,0,0,0,0
GoPie,TestContextSetGetAnyKey,0,0,0,0,0,0,0,0,0,0,0
GoPie,TestContextSetGetAnyKey,0,0,0,0,0,0,0,0,0,0,0
GoPie,TestContextSetGetAnyKey,0,0,0,0,0,0,0,0,0,0,0
GoPie,TestContextSetGetAnyKey,0,0,0,0,0,0,0,0,0,0,0
GoPie,TestContextSetGetAnyKey,0,0,0,0,0,0,0,0,0,0,0
GoPie,TestContextSetGetAnyKey,0,0,0,0,0,0,0,0,0,0,0
GoPie,TestContextSetGetAnyKey,0,0,0,0,0,0,0,0,0,0,0
GoPie,TestContextSetGetAnyKey,0,0,0,0,0,0,0,0,0,0,0
GoPie,TestContextSetGetAnyKey,0,0,0,0,0,0,0,0,0,0,0
GoPie,TestContextSetGetAnyKey,0,0,0,0,0,0,0,0,0,0,0
GoPie,TestContextSetGetAnyKey,0,0,0,0,0,0,0,0,0,0,0
GoPie,TestContextSetGetAnyKey,0,0,0,0,0,0,0,0,0,0,0
GoPie,TestContextSetGetAnyKey,0,0,0,0,0,0,0,0,0,0,0
GoPie,TestContextSetGetAnyKey,0,0,0,0,0,0,0,0,0,0,0
GoPie,TestContextSetGetAnyKey,0,0,0,0,0,0,0,0,0,0,0
GoPie,TestContextSetGetAnyKey,0,0,0,0,0,0,0,0,0,0,0
GoPie,TestContextSetGetAnyKey,0,0,0,0,0,0,0,0,0,0,0
GoPie,TestContextSetGetAnyKey,0,0,0,0,0,0,0,0,0,0,0
GoPie,TestContextSetGetAnyKey,0,0,0,0,0,0,0,0,0,0,0
GoPie,TestContextSetGetAnyKey,0,0,0,0,0,0,0,0,0,0,0
GoPie,TestContextSetGetAnyKey,0,0,0,0,0,0,0,0,0,0,0
GoPie,TestContextSetGetAnyKey,0,0,0,0,0,0,0,0,0,0,0
GoPieHB,TestContextSetGetAnyKey,0,0,0,0,0,0,0,0,0,0,0
